ASX Code,Company Name,Status,GICS Sector,GICS Industry Group,GICS Industry
AAG,Aragon Resources Limited,Delisted,Materials,Materials,Metals & Mining
AAI,Alcoa Inc.,Trading,Materials,Materials,Metals & Mining
AAJ,Aruma Resources Limited,Trading,Materials,Materials,Metals & Mining
AAR,Anglo Australian Resources NL,Trading,Materials,Materials,Metals & Mining
ABC,Adelaide Brighton Limited,Trading,Materials,Materials,Construction Materials
ABU,ABM Resources NL,Trading,Materials,Materials,Metals & Mining
ABX,Australian Bauxite Limited,Trading,Materials,Materials,Metals & Mining
ABX2,Abelle Limited,Delisted,Materials,Materials,Metals & Mining
ABY,Aditya Birla Minerals Limited,Delisted,Materials,Materials,Metals & Mining
ACP,Audalia Resources Limited,Trading,Materials,Materials,Metals & Mining
ACS,Accent Resources N.L.,Trading,Materials,Materials,Metals & Mining
ADN,Adelaide Resources Limited,Trading,Materials,Materials,Metals & Mining
ADU,Adamus Resources Limited,Delisted,Materials,Materials,Metals & Mining
ADV,Ardiden Limited,Trading,Materials,Materials,Metals & Mining
ADY,Admiralty Resources NL,Trading,Materials,Materials,Metals & Mining
AEC,Ammtec Limited,Delisted,Materials,Materials,Metals & Mining
AEV,Avenira Limited,Trading,Materials,Materials,Metals & Mining
AGB,Atlantic Gold Corporation,Delisted,Materials,Materials,Metals & Mining
AGC,Agincourt Resources Limited,Delisted,Materials,Materials,Metals & Mining
AGD,Austral Gold Limited,Trading,Materials,Materials,Metals & Mining
AGG,AngloGold Ashanti Limited,Trading,Materials,Materials,Metals & Mining
AGM,Allegiance Mining NL,Delisted,Materials,Materials,Metals & Mining
AGN,Australian Gemstone House Limited,Withdrawn Float,Materials,Materials,Metals & Mining
AGO,Atlas Iron Limited,Trading,Materials,Materials,Metals & Mining
AGR,Aguia Resources Limited,Trading,Materials,Materials,Metals & Mining
AGR1,Australian Gold Resources Limited ,Delisted,Materials,Materials,Metals & Mining
AGS,Alliance Resources Limited,Trading,Materials,Materials,Metals & Mining
AGU,Aurium Resources Limited,Delisted,Materials,Materials,Metals & Mining
AGY,Argosy Minerals Limited,Trading,Materials,Materials,Metals & Mining
AGZ,A.G.D. Mining Limited,Delisted,Materials,Materials,Metals & Mining
AHA1,Ashanti Goldfields Company Limited,Delisted,Materials,Materials,Metals & Mining
AHK,Ark Mines Limited,Trading,Materials,Materials,Metals & Mining
AHN,Athena Resources Limited,Trading,Materials,Materials,Metals & Mining
AHR,Anchor Resources Limited,Trading,Materials,Materials,Metals & Mining
AII,Abra Mining Limited,Delisted,Materials,Materials,Metals & Mining
AIS,Aeris Resources Limited,Trading,Materials,Materials,Metals & Mining
AIV,Activex Limited,Trading,Materials,Materials,Metals & Mining
AJM,Altura Mining Limited,Trading,Materials,Materials,Metals & Mining
AJU,Aurelia Resources Limited,Withdrawn Float,Materials,Materials,Metals & Mining
AJX,Alexium International Group Limited,Trading,Materials,Materials,Chemicals
AJY,Asaplus Resources Limited,Trading,Materials,Materials,Metals & Mining
AKI,African Iron Limited,Delisted,Materials,Materials,Metals & Mining
AKM,Aspire Mining Limited,Trading,Materials,Materials,Metals & Mining
ALB,Albidon Limited,Delisted,Materials,Materials,Metals & Mining
ALD,Allied Gold Mining PLC,Delisted,Materials,Materials,Metals & Mining
ALK,Alkane Resources Ltd,Trading,Materials,Materials,Metals & Mining
ALM,Aluminex Resources Limited,Delisted,Materials,Materials,Metals & Mining
ALY,Alchemy Resources Limited,Trading,Materials,Materials,Metals & Mining
AMC,Amcor Limited,Trading,Materials,Materials,Containers & Packaging
AMI,Aurelia Metals Limited,Trading,Materials,Materials,Metals & Mining
AML,Aeon Metals Limited,Trading,Materials,Materials,Metals & Mining
AMN,Agrimin Limited,Trading,Materials,Materials,Metals & Mining
AMX,Ampella Mining Limited,Delisted,Materials,Materials,Metals & Mining
ANB,Australia New Agribusiness & Chemical Group Ltd,Suspended,Materials,Materials,Chemicals
AND,Andean Resources Limited,Delisted,Materials,Materials,Metals & Mining
ANE,Auspine Limited,Delisted,Materials,Materials,Paper & Forest Products
ANO,Advanced Nano Technologies Limited,Trading,Materials,Materials,Chemicals
ANW,Aus Tin Mining Ltd,Trading,Materials,Materials,Metals & Mining
AOA,Ausmon Resources Limited,Trading,Materials,Materials,Metals & Mining
AOH,Altona Mining Limited,Trading,Materials,Materials,Metals & Mining
AON,Apollo Minerals Limited,Trading,Materials,Materials,Metals & Mining
AOP,Apollo Consolidated Limited,Trading,Materials,Materials,Metals & Mining
AOR,AurionGold Limited,Delisted,Materials,Materials,Metals & Mining
AOU,Auroch Minerals Ltd,Trading,Materials,Materials,Metals & Mining
APG,Austpac Resources NL,Trading,Materials,Materials,Metals & Mining
APL2,Antipodes Global Investment Company Limited,Upcoming float,Materials,Materials,Paper & Forest Products
APY1,Asia Pacific Specialty Chemicals Limited,Delisted,Materials,Materials,Chemicals
AQA,Aquila Resources Limited,Delisted,Materials,Materials,Metals & Mining
AQC,Australian Pacific Coal Limited,Trading,Materials,Materials,Metals & Mining
AQD,Ausquest Limited,Trading,Materials,Materials,Metals & Mining
AQG,Alacer Gold Corp,Trading,Materials,Materials,Metals & Mining
AQI,Alicanto Minerals Limited,Trading,Materials,Materials,Metals & Mining
AQP,Aquarius Platinum Limited,Delisted,Materials,Materials,Metals & Mining
AQQ,Aphrodite Gold Limited,Trading,Materials,Materials,Metals & Mining
AR1,Arrowhead Resources Limited,Trading,Materials,Materials,Metals & Mining
ARD,Argent Minerals Limited,Trading,Materials,Materials,Metals & Mining
ARE,Argonaut Resources NL,Trading,Materials,Materials,Metals & Mining
ARH,Australasian Resources Limited,Suspended,Materials,Materials,Metals & Mining
ARI,Arrium Limited,Suspended,Materials,Materials,Metals & Mining
ARK,Ausroc Metals Ltd,Suspended,Materials,Materials,Metals & Mining
ARM,Aurora Minerals Limited,Trading,Materials,Materials,Metals & Mining
ARO,Astro Resources NL,Trading,Materials,Materials,Metals & Mining
ARS,ALT RESOURCES LIMITED,Trading,Materials,Materials,Metals & Mining
ARU,Arafura Resources Limited,Trading,Materials,Materials,Metals & Mining
ARV,Artemis Resources Limited,Trading,Materials,Materials,Metals & Mining
ARX,Arc Exploration Limited,Trading,Materials,Materials,Metals & Mining
ASN,Anson Resources Limited,Trading,Materials,Materials,Metals & Mining
ATA,ATC Alloys Ltd,Trading,Materials,Materials,Metals & Mining
ATC,Altech Chemicals Ltd,Trading,Materials,Materials,Metals & Mining
ATE,Atherton Resources Ltd,Delisted,Materials,Materials,Metals & Mining
ATI,Atlantic Limited,Suspended,Materials,Materials,Metals & Mining
ATM,Aneka Tambang (Persero) Tbk (Pt),Trading,Materials,Materials,Metals & Mining
ATR,Astron Corporation Limited,Trading,Materials,Materials,Metals & Mining
ATU,Atrum Coal NL,Trading,Materials,Materials,Metals & Mining
ATV,Atlantic Gold NL,Delisted,Materials,Materials,Metals & Mining
AUC,AusGold Limited,Trading,Materials,Materials,Metals & Mining
AUE,Ausminerals Limited,Withdrawn Float,Materials,Materials,Metals & Mining
AUG1,Aurora Gold Limited,Delisted,Materials,Materials,Metals & Mining
AUK,Augur Resources Limited,Trading,Materials,Materials,Metals & Mining
AUO,Austral Coal Limited,Delisted,Materials,Materials,Metals & Mining
AUQ,Alara Resources Limited,Trading,Materials,Materials,Metals & Mining
AUS,Auselect Limited,Delisted,Materials,Materials,Metals & Mining
AUZ,Australian Mines Limited,Trading,Materials,Materials,Metals & Mining
AVB,Avanco Resources Limited,Trading,Materials,Materials,Metals & Mining
AVI,Avalon Minerals Limited,Trading,Materials,Materials,Metals & Mining
AVL,Australian Vanadium Limited,Trading,Materials,Materials,Metals & Mining
AVM,Anvil Mining Limited,Delisted,Materials,Materials,Metals & Mining
AVO,Avoca Resources Limited,Delisted,Materials,Materials,Metals & Mining
AVQ,Axiom Mining Limited,Trading,Materials,Materials,Metals & Mining
AVZ,AVZ Minerals Limited,Trading,Materials,Materials,Metals & Mining
AWC,Alumina Limited,Trading,Materials,Materials,Metals & Mining
AWV,Anova Metals Limited,Trading,Materials,Materials,Metals & Mining
AXE,Archer Exploration Limited,Trading,Materials,Materials,Metals & Mining
AXM,Apex Minerals NL,Delisted,Materials,Materials,Metals & Mining
AXO,Aurox Resources Limited,Delisted,Materials,Materials,Metals & Mining
AXT,Argo Exploration Limited,Trading,Materials,Materials,Metals & Mining
AXZ,Amex Resources Limited,Trading,Materials,Materials,Metals & Mining
AYA,Attila Resources Limited,Suspended,Materials,Materials,Metals & Mining
AYC,A1 Consolidated Gold Limited,Trading,Materials,Materials,Metals & Mining
AYM,Australia United Mining Limited,Suspended,Materials,Materials,Metals & Mining
AYN,Alcyone Resources Limited,Delisted,Materials,Materials,Metals & Mining
AYR,Alloy Resources Limited,Trading,Materials,Materials,Metals & Mining
AZC,Australian Zircon NL,Delisted,Materials,Materials,Metals & Mining
AZH,Azimuth Resources Limited,Delisted,Materials,Materials,Metals & Mining
AZM,Azumah Resources Limited,Trading,Materials,Materials,Metals & Mining
AZQ,Ascot Resources Limited,Delisted,Materials,Materials,Metals & Mining
AZR,Aztec Resources Limited,Delisted,Materials,Materials,Metals & Mining
AZS,Azure Minerals Limited,Trading,Materials,Materials,Metals & Mining
AZX,Auzex Resources Limited,Delisted,Materials,Materials,Metals & Mining
AZY,Antipa Minerals Limited,Trading,Materials,Materials,Metals & Mining
BAB,Bullabulling Gold Limited,Delisted,Materials,Materials,Metals & Mining
BAR,Barra Resources Limited,Trading,Materials,Materials,Metals & Mining
BAU,Bauxite Resources Limited,Trading,Materials,Materials,Metals & Mining
BBR,Bora Bora Resources Limited,Trading,Materials,Materials,Metals & Mining
BBX,BBX Minerals Limited,Trading,Materials,Materials,Metals & Mining
BCD,BCD Resources NL,Suspended,Materials,Materials,Metals & Mining
BCI,BC Iron Limited,Trading,Materials,Materials,Metals & Mining
BCK,Brockman Mining Limited,Trading,Materials,Materials,Metals & Mining
BCN,Beacon Minerals Limited,Trading,Materials,Materials,Metals & Mining
BCO,BCD Resources (Operations) NL,Delisted,Materials,Materials,Metals & Mining
BD1,BARD1 Life Sciences Limited,Trading,Materials,Materials,Metals & Mining
BDI,Blina Minerals NL,Trading,Materials,Materials,Metals & Mining
BDR,Beadell Resources Limited,Trading,Materials,Materials,Metals & Mining
BEZ,Besra Gold Inc,Delisted,Materials,Materials,Metals & Mining
BGD,BGD Corporation Ltd,Suspended,Materials,Materials,Metals & Mining
BGE,Biograde Limited,Withdrawn Float,Materials,Materials,Chemicals
BGF,Ballarat Goldfields NL,Delisted,Materials,Materials,Metals & Mining
BGH,Bligh Resources Limited,Trading,Materials,Materials,Metals & Mining
BGO,Ballarat South Gold Limited,Withdrawn Float,Materials,Materials,Metals & Mining
BGS,Birimian Limited,Trading,Materials,Materials,Metals & Mining
BHP,BHP Billiton Limited,Trading,Materials,Materials,Metals & Mining
BHR1,BigHill Resources Limited,Withdrawn Float,Materials,Materials,Metals & Mining
BHU,Beacon Hill Resources Plc,Delisted,Materials,Materials,Metals & Mining
BID,BidEnergy Limited,Trading,Materials,Materials,Metals & Mining
BIS,Bisalloy Steel Group Limited,Trading,Materials,Materials,Metals & Mining
BKA,Buka Minerals Limited,Delisted,Materials,Materials,Metals & Mining
BKT,Black Rock Mining Limited,Trading,Materials,Materials,Metals & Mining
BKW,Brickworks Limited,Trading,Materials,Materials,Construction Materials
BLD,Boral Limited,Trading,Materials,Materials,Construction Materials
BLK,Blackham Resources Limited,Trading,Materials,Materials,Metals & Mining
BMG,BMG Resources Limited,Trading,Materials,Materials,Metals & Mining
BML,Botswana Metals Limited,Trading,Materials,Materials,Metals & Mining
BMM,Bellamel Mining Limited,Delisted,Materials,Materials,Metals & Mining
BMP,BuyMyPlace.com.au Limited,Trading,Materials,Materials,Metals & Mining
BMS,Basin Minerals Limited,Delisted,Materials,Materials,Metals & Mining
BMT1,Berkut Minerals Limited,Upcoming float,Materials,Materials,Metals & Mining
BMX,Bemax Resources Limited,Delisted,Materials,Materials,Metals & Mining
BMZ,Black Mountain Resources Limited,Suspended,Materials,Materials,Metals & Mining
BNR,Bulletin Resources Limited,Trading,Materials,Materials,Metals & Mining
BOA,Boadicea Resources Limited,Trading,Materials,Materials,Metals & Mining
BOC,Bougainville Copper Limited,Trading,Materials,Materials,Metals & Mining
BOE,Boss Resources Limited,Trading,Materials,Materials,Metals & Mining
BOK,Black Oak Minerals Limited,Suspended,Materials,Materials,Metals & Mining
BON1,Bonaparte Diamond Mines NL,Delisted,Materials,Materials,Metals & Mining
BOY,Burrup Holdings Limited,Withdrawn Float,Materials,Materials,Chemicals
BPL,Broken Hill Prospecting Limited,Trading,Materials,Materials,Metals & Mining
BRB,Breaker Resources NL,Trading,Materials,Materials,Metals & Mining
BRD,Black Ridge Mining NL,Trading,Materials,Materials,Metals & Mining
BRL,Bathurst Resources Limited,Trading,Materials,Materials,Metals & Mining
BRM,Brockman Resources Limited,Delisted,Materials,Materials,Metals & Mining
BRS1,Bristile Limited,Delisted,Materials,Materials,Construction Materials
BRW,Breakaway Resources Limited,Delisted,Materials,Materials,Metals & Mining
BSE,Base Resources Limited,Trading,Materials,Materials,Metals & Mining
BSG,Bolnisi Gold NL,Delisted,Materials,Materials,Metals & Mining
BSL,BlueScope Steel Limited,Trading,Materials,Materials,Metals & Mining
BSM,Bass Metals Ltd,Suspended,Materials,Materials,Metals & Mining
BSR,Bassari Resources Limited,Trading,Materials,Materials,Metals & Mining
BTN,Brighton Mining Group Limited,Suspended,Materials,Materials,Metals & Mining
BTR,Blackthorn Resources Limited,Delisted,Materials,Materials,Metals & Mining
BUA,Burrabulla Corporation Limited,Suspended,Materials,Materials,Metals & Mining
BUC,Buchanan Resources Limited,Withdrawn Float,Materials,Materials,Metals & Mining
BUX,Buxton Resources Limited,Trading,Materials,Materials,Metals & Mining
BWD,Blackwood Corporation Limited,Delisted,Materials,Materials,Metals & Mining
BYR,Burey Gold Limited,Trading,Materials,Materials,Metals & Mining
BZL,Braziron Limited,Delisted,Materials,Materials,Metals & Mining
CAA,Capral Limited,Trading,Materials,Materials,Metals & Mining
CAD,Caeneus Minerals Ltd,Trading,Materials,Materials,Metals & Mining
CAE,Cannindah Resources Limited,Trading,Materials,Materials,Metals & Mining
CAP,Carpentaria Exploration Limited,Trading,Materials,Materials,Metals & Mining
CAS,Crusader Resources Limited,Trading,Materials,Materials,Metals & Mining
CAV,Carnavale Resources Limited,Trading,Materials,Materials,Metals & Mining
CAY,Canyon Resources Ltd,Trading,Materials,Materials,Metals & Mining
CAZ,Cazaly Resources Limited,Trading,Materials,Materials,Metals & Mining
CBH,CBH Resources Limited,Delisted,Materials,Materials,Metals & Mining
CBM,Cambrian Mining Plc,Delisted,Materials,Materials,Metals & Mining
CBS,Cabral Resources Limited,Trading,Materials,Materials,Metals & Mining
CBX,Cape Alumina Limited,Delisted,Materials,Materials,Metals & Mining
CCU,Cobar Consolidated Resources Limited,Delisted,Materials,Materials,Metals & Mining
CCZ,Castillo Copper Limited,Trading,Materials,Materials,Metals & Mining
CDB,Condor Blanco Mines Limited,Suspended,Materials,Materials,Metals & Mining
CDG,Cleveland Mining Company Limited,Trading,Materials,Materials,Metals & Mining
CDH,Chongherr Investments Ltd,Trading,Materials,Materials,Construction Materials
CDT,Castle Minerals Limited,Trading,Materials,Materials,Metals & Mining
CDU,CuDeco Limited,Trading,Materials,Materials,Metals & Mining
CDV,Cardinal Resources Limited,Trading,Materials,Materials,Metals & Mining
CEN2,Central Australian Phosphate Limited,Delisted,Materials,Materials,Metals & Mining
CFE,Cape Lambert Resources Limited,Trading,Materials,Materials,Metals & Mining
CGG,Citadel Resource Group Limited,Delisted,Materials,Materials,Metals & Mining
CGI,Consolidated Global Investments Limited,Delisted,Materials,Materials,Metals & Mining
CGM,Cougar Metals NL,Trading,Materials,Materials,Metals & Mining
CGN,Crater Gold Mining Limited,Trading,Materials,Materials,Metals & Mining
CGT,Castlemaine Goldfields Limited,Delisted,Materials,Materials,Metals & Mining
CGX,CGA Mining Limited,Delisted,Materials,Materials,Metals & Mining
CHK,Cohiba Minerals Limited,Trading,Materials,Materials,Metals & Mining
CHN,Chalice Gold Mines Limited,Trading,Materials,Materials,Metals & Mining
CHY,Carter Holt Harvey Limited,Delisted,Materials,Materials,Paper & Forest Products
CHZ,Chesser Resources Limited,Trading,Materials,Materials,Metals & Mining
CIA,Champion Iron Limited,Trading,Materials,Materials,Metals & Mining
CII,CI Resources Limited,Trading,Materials,Materials,Metals & Mining
CIZ,Corizon Limited,Suspended,Materials,Materials,Metals & Mining
CJC,The Carajas Copper Company Limited,Trading,Materials,Materials,Metals & Mining
CJO,Cerro Resources NL,Delisted,Materials,Materials,Metals & Mining
CKA,Cokal Limited,Trading,Materials,Materials,Metals & Mining
CKL,Colorpak Limited,Delisted,Materials,Materials,Containers & Packaging
CLA,Celsius Coal Limited,Suspended,Materials,Materials,Metals & Mining
CLY,Clancy Exploration Limited,Trading,Materials,Materials,Metals & Mining
CLZ,Classic Minerals Limited,Trading,Materials,Materials,Metals & Mining
CLZ1,Coastal Minerals Limited,Delisted,Materials,Materials,Metals & Mining
CMC,China Magnesium Corporation Limited,Trading,Materials,Materials,Metals & Mining
CMM,Capricorn Metals Ltd,Trading,Materials,Materials,Metals & Mining
CMR,Compass Resources Limited,Delisted,Materials,Materials,Metals & Mining
CMX,Climax Mining Limited,Delisted,Materials,Materials,Metals & Mining
CMY,Capital Mining Limited,Trading,Materials,Materials,Metals & Mining
CNG1,Central Norseman Gold Corporation Limited,Delisted,Materials,Materials,Metals & Mining
CNH,China Steel Australia Limited,Delisted,Materials,Materials,Metals & Mining
CNJ,Conico Ltd,Trading,Materials,Materials,Metals & Mining
CNL,Celamin Holdings NL,Suspended,Materials,Materials,Metals & Mining
CNQ,Carbine Tungsten Limited,Trading,Materials,Materials,Metals & Mining
CNT,Centamin Egypt Limited,Delisted,Materials,Materials,Metals & Mining
COV,Corvette Resources Limited,Delisted,Materials,Materials,Metals & Mining
COY,Coppermoly Limited,Trading,Materials,Materials,Metals & Mining
CQT,Conquest Mining Limited,Delisted,Materials,Materials,Metals & Mining
CRB,Carbine Resources Limited,Trading,Materials,Materials,Metals & Mining
CRC,Cortona Resources Limited,Delisted,Materials,Materials,Metals & Mining
CRD,Crown Diamonds NL,Delisted,Materials,Materials,Metals & Mining
CRE,Crescent Gold Limited,Delisted,Materials,Materials,Metals & Mining
CRL,Comet Resources Limited,Trading,Materials,Materials,Metals & Mining
CRT,Consolidated Rutile Limited,Delisted,Materials,Materials,Metals & Mining
CSD,Consolidated Tin Mines Limited,Suspended,Materials,Materials,Metals & Mining
CSE,Copper Strike Ltd,Trading,Materials,Materials,Metals & Mining
CSM,Consolidated Minerals Limited,Delisted,Materials,Materials,Metals & Mining
CSR,CSR Limited,Trading,Materials,Materials,Construction Materials
CTM,Centaurus Metals Limited,Trading,Materials,Materials,Metals & Mining
CTO,Citigold Corporation Limited,Trading,Materials,Materials,Metals & Mining
CTR1,Centaur Mining And Exploration Limited,Delisted,Materials,Materials,Metals & Mining
CTZ,Cable and Telecoms Limited,Delisted,Materials,Materials,Metals & Mining
CUL,Cullen Resources Limited,Trading,Materials,Materials,Metals & Mining
CUO,Copperco Limited,Delisted,Materials,Materials,Metals & Mining
CUR,Centaurus Resources Limited,Delisted,Materials,Materials,Metals & Mining
CUX,Crossland Strategic Metals Ltd,Trading,Materials,Materials,Metals & Mining
CVG,Convergent Minerals Limited,Suspended,Materials,Materials,Metals & Mining
CVR,Central Asia Resources Limited,Suspended,Materials,Materials,Metals & Mining
CVV,Caravel Minerals Limited,Trading,Materials,Materials,Metals & Mining
CVY,Coventry Resources Limited,Delisted,Materials,Materials,Metals & Mining
CWH,CWH Resources Ltd,Suspended,Materials,Materials,Construction Materials
CXC,Coeur D'Alene Mines Corporation,Delisted,Materials,Materials,Metals & Mining
CXM,Centrex Metals Limited,Trading,Materials,Materials,Metals & Mining
CXO,Core Exploration Limited,Trading,Materials,Materials,Metals & Mining
CXX,Cradle Resources Limited,Trading,Materials,Materials,Metals & Mining
CYL,Catalyst Metals Limited,Trading,Materials,Materials,Metals & Mining
CYU,Chinalco Yunnan Copper Resources Ltd,Trading,Materials,Materials,Metals & Mining
CYY,Coventry Resources Inc,Trading,Materials,Materials,Metals & Mining
CZI,Cassini Resources Limited,Trading,Materials,Materials,Metals & Mining
CZL,Consolidated Zinc Limited,Trading,Materials,Materials,Metals & Mining
CZN,Corazon Mining Limited,Trading,Materials,Materials,Metals & Mining
CZR,Coziron Resources Limited,Trading,Materials,Materials,Metals & Mining
DAU,Dampier Gold Limited,Trading,Materials,Materials,Metals & Mining
DCN,Dacian Gold Limited,Trading,Materials,Materials,Metals & Mining
DDD,3D Resources Limited,Trading,Materials,Materials,Metals & Mining
DEG,De Grey Mining Limited,Trading,Materials,Materials,Metals & Mining
DGM,Deepgreen Minerals Corporation Limited,Delisted,Materials,Materials,Metals & Mining
DGO,DGO Gold Limited,Trading,Materials,Materials,Metals & Mining
DGR,DGR Global Limited,Trading,Materials,Materials,Metals & Mining
DHR,Dark Horse Resources Limited,Trading,Materials,Materials,Metals & Mining
DID,Didasko Limited,Delisted,Materials,Materials,Chemicals
DIO,Dioro Exploration NL,Delisted,Materials,Materials,Metals & Mining
DKM,Duketon Mining Limited,Trading,Materials,Materials,Metals & Mining
DKO,Dakota Minerals Limited,Trading,Materials,Materials,Metals & Mining
DLE,Dragon Energy Limited,Trading,Materials,Materials,Metals & Mining
DLX,DuluxGroup Limited,Trading,Materials,Materials,Chemicals
DMA,Dynasty Resources Limited,Trading,Materials,Materials,Metals & Mining
DME,Dome Gold Mines Limited,Trading,Materials,Materials,Metals & Mining
DMG,Dragon Mountain Gold Limited,Trading,Materials,Materials,Metals & Mining
DMI,Dempsey Minerals Limited,Trading,Materials,Materials,Metals & Mining
DML,Discovery Metals Limited,Delisted,Materials,Materials,Metals & Mining
DMM,DMC Mining Limited,Delisted,Materials,Materials,Metals & Mining
DNK,Danakali Limited,Trading,Materials,Materials,Metals & Mining
DNS,Danae Resources NL,Delisted,Materials,Materials,Metals & Mining
DOM,Dominion Mining Limited,Delisted,Materials,Materials,Metals & Mining
DRA,Dragon Mining Limited,Trading,Materials,Materials,Metals & Mining
DRD,DRDGold Limited,Delisted,Materials,Materials,Metals & Mining
DRE,Dalrymple Resources NL,Delisted,Materials,Materials,Metals & Mining
DRG,Draig Resources Limited,Trading,Materials,Materials,Metals & Mining
DRK,Drake Resources Limited,Trading,Materials,Materials,Metals & Mining
DRM,Doray Minerals Limited,Trading,Materials,Materials,Metals & Mining
DRX,Diatreme Resources Limited,Trading,Materials,Materials,Metals & Mining
DTM,Dart Mining NL,Trading,Materials,Materials,Metals & Mining
DTR,Dateline Resources Limited ,Trading,Materials,Materials,Metals & Mining
DXL,Dyno Nobel Limited,Delisted,Materials,Materials,Chemicals
EAR,Echo Resources Limited,Trading,Materials,Materials,Metals & Mining
EAU,Eldorado Gold Corporation,Delisted,Materials,Materials,Metals & Mining
EDN,Elkedra Diamonds NL,Delisted,Materials,Materials,Metals & Mining
EFE,Eastern Iron Limited,Trading,Materials,Materials,Metals & Mining
EGM,888 Resources Limited,Withdrawn Float,Materials,Materials,Metals & Mining
EGS,Eastern Goldfields Limited,Trading,Materials,Materials,Metals & Mining
ELL,Ellendale Resources NL,Delisted,Materials,Materials,Metals & Mining
ELM,Elemental Minerals Limited,Trading,Materials,Materials,Metals & Mining
ELR,Elsmore Resources Ltd,Suspended,Materials,Materials,Metals & Mining
ELT,Elementos Limited,Trading,Materials,Materials,Metals & Mining
EMG,Emergent Resources Limited,Trading,Materials,Materials,Metals & Mining
EMH,European Metals Holdings Limited,Trading,Materials,Materials,Metals & Mining
EMP,Emperor Mines Limited,Delisted,Materials,Materials,Metals & Mining
EMU,Emu NL,Trading,Materials,Materials,Metals & Mining
ENK,ENK PLC,Delisted,Materials,Materials,Metals & Mining
ENL,Eagle Nickel Limited,Suspended,Materials,Materials,Metals & Mining
ENR,Encounter Resources Limited,Trading,Materials,Materials,Metals & Mining
ENT,Enterprise Metals Limited,Trading,Materials,Materials,Metals & Mining
EQE,Equus Mining Limited,Trading,Materials,Materials,Metals & Mining
EQI,Equigold NL,Delisted,Materials,Materials,Metals & Mining
EQM,Equatorial Mining Limited,Delisted,Materials,Materials,Metals & Mining
EQN,Equinox Minerals Limited,Delisted,Materials,Materials,Metals & Mining
EQU,Equator Resources Ltd,Trading,Materials,Materials,Metals & Mining
EQX,Equatorial Resources Limited,Trading,Materials,Materials,Metals & Mining
ERL,Empire Resources Limited,Trading,Materials,Materials,Metals & Mining
ERM,Emmerson Resources Limited,Trading,Materials,Materials,Metals & Mining
ERX,Emperor Range Group Limited,Trading,Materials,Materials,Metals & Mining
ESM,Esperance Minerals Limited,Trading,Materials,Materials,Metals & Mining
ESR,Estrella Resources Limited,Trading,Materials,Materials,Metals & Mining
EUM,Eumeralla Resources Ltd,Trading,Materials,Materials,Metals & Mining
EVF,Evergreen Forests Limited,Delisted,Materials,Materials,Paper & Forest Products
EVN,Evolution Mining Limited,Trading,Materials,Materials,Metals & Mining
EVR,Endeavour Mining Corporation,Delisted,Materials,Materials,Metals & Mining
EXC,Exterra Resources Limited,Trading,Materials,Materials,Metals & Mining
EXG,Excelsior Gold Limited,Trading,Materials,Materials,Metals & Mining
EXM,Excalibur Mining Corporation Limited,Trading,Materials,Materials,Metals & Mining
EXS,Exco Resources Limited,Delisted,Materials,Materials,Metals & Mining
EXU,Explaurum Limited,Trading,Materials,Materials,Metals & Mining
EYM,Elysium Resources Limited,Trading,Materials,Materials,Metals & Mining
FAS,Fairstar Resources Limited,Suspended,Materials,Materials,Metals & Mining
FBU,Fletcher Building Limited,Trading,Materials,Materials,Construction Materials
FCN,Falcon Minerals Limited,Suspended,Materials,Materials,Metals & Mining
FCR,Ferrum Crescent Limited,Trading,Materials,Materials,Metals & Mining
FEA,Forest Enterprises Australia Limited,Delisted,Materials,Materials,Paper & Forest Products
FEL,Fe Limited,Suspended,Materials,Materials,Metals & Mining
FEX,Flinders Exploration Limited,Withdrawn Float,Materials,Materials,Metals & Mining
FGR,First Graphite Limited,Trading,Materials,Materials,Metals & Mining
FMG,Fortescue Metals Group Ltd,Trading,Materials,Materials,Metals & Mining
FML,Focus Minerals Limited,Trading,Materials,Materials,Metals & Mining
FMS,Flinders Mines Limited,Trading,Materials,Materials,Metals & Mining
FND,Finders Resources Limited,Trading,Materials,Materials,Metals & Mining
FNT,Frontier Resources Limited,Trading,Materials,Materials,Metals & Mining
FOY,Foy Group Limited,Suspended,Materials,Materials,Metals & Mining
FRC,Forte Consolidated Limited,Trading,Materials,Materials,Metals & Mining
FRN,Fraser Range Metals Group Ltd,Trading,Materials,Materials,Metals & Mining
FRS,FerrAus Limited,Delisted,Materials,Materials,Metals & Mining
FSN,Fusion Resources Limited,Delisted,Materials,Materials,Metals & Mining
FTH,Fifth Element Resources Limited,Delisted,Materials,Materials,Metals & Mining
FTZ,Fertoz Limited,Trading,Materials,Materials,Metals & Mining
FXR,Fox Resources Limited,Suspended,Materials,Materials,Metals & Mining
FYI,FYI Resources Limited,Trading,Materials,Materials,Metals & Mining
GAU,Great Australian Resources Limited,Delisted,Materials,Materials,Metals & Mining
GBE,Globe Metals & Mining Limited,Trading,Materials,Materials,Metals & Mining
GBG,Gindalbie Metals Ltd,Trading,Materials,Materials,Metals & Mining
GBM,GBM Gold Ltd,Trading,Materials,Materials,Metals & Mining
GBZ,GBM Resources Limited,Trading,Materials,Materials,Metals & Mining
GCR,Golden Cross Resources Limited,Trading,Materials,Materials,Metals & Mining
GCX,Golden China Resources Corporation,Delisted,Materials,Materials,Metals & Mining
GCY,Gascoyne Resources Limited,Trading,Materials,Materials,Metals & Mining
GDA,Gondwana Resources Limited,Suspended,Materials,Materials,Metals & Mining
GDO,Gold One International Limited,Delisted,Materials,Materials,Metals & Mining
GED,Golden Deeps Limited,Trading,Materials,Materials,Metals & Mining
GES,Genesis Resources Limited,Trading,Materials,Materials,Metals & Mining
GFI,Global Fortune Investment Limited,Trading,Materials,Materials,Metals & Mining
GGB,GGG Resources Plc,Delisted,Materials,Materials,Metals & Mining
GGG,Greenland Minerals and Energy Limited,Trading,Materials,Materials,Metals & Mining
GGN,Gallery Gold Limited,Delisted,Materials,Materials,Metals & Mining
GIR,Giralia Resources NL,Delisted,Materials,Materials,Metals & Mining
GLA,Gladiator Resources Limited,Trading,Materials,Materials,Metals & Mining
GLF,Gulf Industrials Limited,Trading,Materials,Materials,Metals & Mining
GLN,Gleneagle Gold Limited,Suspended,Materials,Materials,Metals & Mining
GLY,Glory Resources Limited,Delisted,Materials,Materials,Metals & Mining
GMC,Gulf Manganese Corporation Limited,Suspended,Materials,Materials,Metals & Mining
GMD,Genesis Minerals Limited,Trading,Materials,Materials,Metals & Mining
GME,GME Resources Limited,Trading,Materials,Materials,Metals & Mining
GML,Gateway Mining Limited,Trading,Materials,Materials,Metals & Mining
GMM,General Mining Corporation Limited,Trading,Materials,Materials,Metals & Mining
GMN,Gold Mountain Limited,Trading,Materials,Materials,Metals & Mining
GMO,Gold Mines of Peru,Withdrawn Float,Materials,Materials,Metals & Mining
GMR,Golden Rim Resources Limited,Trading,Materials,Materials,Metals & Mining
GMS,Gold Mines of Sardinia Limited,Delisted,Materials,Materials,Metals & Mining
GNS,Gunns Limited,Delisted,Materials,Materials,Paper & Forest Products
GOM,Global Mineral Resources Limited,Withdrawn Float,Materials,Materials,Metals & Mining
GOR,Gold Road Resources Limited,Trading,Materials,Materials,Metals & Mining
GPH,Goldphyre Resources Limited,Trading,Materials,Materials,Metals & Mining
GPR,Geopacific Resources Ltd,Trading,Materials,Materials,Metals & Mining
GPX,Graphex Mining Limited,Trading,Materials,Materials,Metals & Mining
GQH,Gosford Quarry Holdings Limited,Delisted,Materials,Materials,Construction Materials
GRA,Graphitecorp Limited,Trading,Materials,Materials,Metals & Mining
GRF,Global Resource Masters Fund Limited,Delisted,Materials,Materials,Metals & Mining
GRL,Gawler Resources Limited,Delisted,Materials,Materials,Metals & Mining
GRN,Gravity Diamonds Limited,Delisted,Materials,Materials,Metals & Mining
GRR,Grange Resources Limited,Trading,Materials,Materials,Metals & Mining
GRY,Gryphon Minerals Limited,Trading,Materials,Materials,Metals & Mining
GSC,Global Geoscience Limited,Trading,Materials,Materials,Metals & Mining
GSE,Goldsearch Limited,Suspended,Materials,Materials,Metals & Mining
GSZ,Global Strategic Metals N.L.,Delisted,Materials,Materials,Metals & Mining
GTE,Great Western Exploration Limited,Trading,Materials,Materials,Metals & Mining
GTP,Great Southern Limited,Delisted,Materials,Materials,Paper & Forest Products
GTR,GTI Resources Limited,Trading,Materials,Materials,Metals & Mining
GUJ,Gujarat Nre Resources NL,Delisted,Materials,Materials,Metals & Mining
GUL,Gullewa Limited,Trading,Materials,Materials,Metals & Mining
GWR,GWR Group Limited,Trading,Materials,Materials,Metals & Mining
GXY,Galaxy Resources Limited,Trading,Materials,Materials,Metals & Mining
HAN,Hanson PLC,Delisted,Materials,Materials,Construction Materials
HAO,Haoma Mining NL,Trading,Materials,Materials,Metals & Mining
HAR,Haranga Resources Limited,Trading,Materials,Materials,Metals & Mining
HAS,Hastings Technology Metals Limited,Trading,Materials,Materials,Metals & Mining
HAV,Havilah Resources Limited,Trading,Materials,Materials,Metals & Mining
HAW,Hawthorn Resources Limited,Trading,Materials,Materials,Metals & Mining
HCH,Hot Chili Limited,Trading,Materials,Materials,Metals & Mining
HDG,Hodges Resources Limited,Suspended,Materials,Materials,Metals & Mining
HEG,Hill End Gold Limited,Trading,Materials,Materials,Metals & Mining
HER,Herald Resources Limited,Delisted,Materials,Materials,Metals & Mining
HFR,Highfield Resources Limited,Trading,Materials,Materials,Chemicals
HFY,Hill 50 Limited,Delisted,Materials,Materials,Metals & Mining
HGO,Hillgrove Resources Limited,Trading,Materials,Materials,Metals & Mining
HHM,Hampton Hill Mining NL,Trading,Materials,Materials,Metals & Mining
HIG,Highlands Pacific Limited,Trading,Materials,Materials,Metals & Mining
HLX,Helix Resources Limited,Trading,Materials,Materials,Metals & Mining
HMI,Harvest Minerals Ltd,Delisted,Materials,Materials,Metals & Mining
HMP,Hampton Mining Limited,Withdrawn Float,Materials,Materials,Metals & Mining
HMX,Hammer Metals Limited,Trading,Materials,Materials,Metals & Mining
HNR,Hannans Ltd,Trading,Materials,Materials,Metals & Mining
HOR,Horseshoe Metals Limited,Trading,Materials,Materials,Metals & Mining
HRR,Heron Resources Limited,Trading,Materials,Materials,Metals & Mining
HRS,Hudson Resources Limited,Delisted,Materials,Materials,Metals & Mining
HSK,Heemskirk Consolidated Limited,Trading,Materials,Materials,Metals & Mining
HSM,Homestake Mining Company,Delisted,Materials,Materials,Metals & Mining
HXG,Hexagon Resources Limited,Trading,Materials,Materials,Metals & Mining
HZR,Hazer Group Limited,Trading,Materials,Materials,Chemicals
IAU,Intrepid Mines Limited,Trading,Materials,Materials,Metals & Mining
IBG,Ironbark Zinc Ltd,Trading,Materials,Materials,Metals & Mining
IBM,International Base Metals Limited,Withdrawn Float,Materials,Materials,Metals & Mining
IBR,Iberian Resources Limited,Delisted,Materials,Materials,Metals & Mining
ICG,Inca Minerals Limited,Trading,Materials,Materials,Metals & Mining
ICL,International Coal Holdings Limited,Delisted,Materials,Materials,Metals & Mining
ICT1,Incitec Limited,Delisted,Materials,Materials,Chemicals
IDA,Indiana Resources Limited,Trading,Materials,Materials,Metals & Mining
IDC,Indochine Mining Limited,Suspended,Materials,Materials,Metals & Mining
IDG,Indago Resources Ltd,Delisted,Materials,Materials,Metals & Mining
IDM,IDM International Ltd,Delisted,Materials,Materials,Metals & Mining
IDO,Indo Mines Limited,Trading,Materials,Materials,Metals & Mining
IGD,IAMGold Corporation,Delisted,Materials,Materials,Metals & Mining
IGF,International Goldfields Limited,Delisted,Materials,Materials,Metals & Mining
IGO,Independence Group NL,Trading,Materials,Materials,Metals & Mining
IGR,Integra Mining Limited,Delisted,Materials,Materials,Metals & Mining
IGS,International Goldfields Limited,Suspended,Materials,Materials,Metals & Mining
IGX,IGDX Holdings Limited,Delisted,Materials,Materials,Metals & Mining
ILU,Iluka Resources Limited,Trading,Materials,Materials,Metals & Mining
IMA,Image Resources NL,Trading,Materials,Materials,Metals & Mining
IMD,Imdex Limited,Trading,Materials,Materials,Metals & Mining
INI,Intercoal Limited,Delisted,Materials,Materials,Metals & Mining
INL,Intec Ltd,Trading,Materials,Materials,Chemicals
IOD,IODM Limited,Trading,Materials,Materials,Metals & Mining
IOH,Iron Ore Holdings Limited,Delisted,Materials,Materials,Metals & Mining
IPL,Incitec Pivot Limited,Trading,Materials,Materials,Chemicals
IPO,International Petroleum Limited,Delisted,Materials,Materials,Metals & Mining
IPT,Impact Minerals Limited,Trading,Materials,Materials,Metals & Mining
IRC,Intermin Resources Limited,Trading,Materials,Materials,Metals & Mining
IRD,Iron Road Limited,Trading,Materials,Materials,Metals & Mining
IRL,India Resources Limited,Trading,Materials,Materials,Metals & Mining
IRM,Iron Mountain Mining Limited,Trading,Materials,Materials,Metals & Mining
IRN,Indophil Resources NL,Delisted,Materials,Materials,Metals & Mining
ISH,Ishine International Resources Limited,Trading,Materials,Materials,Metals & Mining
ITF,Integrated Tree Cropping Limited,Delisted,Materials,Materials,Paper & Forest Products
IVA,Inova Resources Limited,Delisted,Materials,Materials,Metals & Mining
IVG,Invictus Gold Limited,Delisted,Materials,Materials,Metals & Mining
IVN,Ivanhoe Mines Ltd,Delisted,Materials,Materials,Metals & Mining
IVR,Investigator Resources Ltd,Trading,Materials,Materials,Metals & Mining
JAK,Jackson Minerals Limited,Delisted,Materials,Materials,Metals & Mining
JAL,Jameson Resources Limited,Trading,Materials,Materials,Metals & Mining
JBM,Jubilee Mines NL,Delisted,Materials,Materials,Metals & Mining
JHX,James Hardie Industries Plc,Trading,Materials,Materials,Construction Materials
JML,Jabiru Metals Limited,Delisted,Materials,Materials,Metals & Mining
JMS,Jupiter Mines Limited,Delisted,Materials,Materials,Metals & Mining
JRL,Jindalee Resources Limited,Trading,Materials,Materials,Metals & Mining
JRV,Jervois Mining Limited,Trading,Materials,Materials,Metals & Mining
KAB,Kaboko Mining Limited,Suspended,Materials,Materials,Metals & Mining
KAI,Kairos Minerals Limited,Trading,Materials,Materials,Metals & Mining
KAS,Kasbah Resources Limited,Suspended,Materials,Materials,Metals & Mining
KBL,KBL Mining Limited,Trading,Materials,Materials,Metals & Mining
KCN,Kingsgate Consolidated Limited,Suspended,Materials,Materials,Metals & Mining
KDL,Kimberley Diamonds Ltd,Trading,Materials,Materials,Metals & Mining
KDR,Kidman Resources Limited,Trading,Materials,Materials,Metals & Mining
KFE,Kogi Iron Limited,Trading,Materials,Materials,Metals & Mining
KGD,Kula Gold Limited,Trading,Materials,Materials,Metals & Mining
KGL,KGL Resources Limited,Trading,Materials,Materials,Metals & Mining
KGM,Kalnorth Gold Mines Limited,Trading,Materials,Materials,Metals & Mining
KGM1,Kidston Gold Mines Limited,Delisted,Materials,Materials,Metals & Mining
KIM,Kimberley Diamond Company NL,Delisted,Materials,Materials,Metals & Mining
KIN,Kin Mining NL,Trading,Materials,Materials,Metals & Mining
KIS,King Island Scheelilte Limited,Trading,Materials,Materials,Metals & Mining
KLG,Klondyke Gold Limited,Withdrawn Float,Materials,Materials,Metals & Mining
KMC,Kalgoorlie Mining Company Ltd,Delisted,Materials,Materials,Metals & Mining
KMR,Kumarina Resources Limited,Delisted,Materials,Materials,Metals & Mining
KNL,Kibaran Resources Limited,Trading,Materials,Materials,Metals & Mining
KOR,Korab Resources Limited,Trading,Materials,Materials,Metals & Mining
KPC,Kazakhstan Potash Corporation Limited,Trading,Materials,Materials,Metals & Mining
KPR,Kupang Resources Limited,Delisted,Materials,Materials,Metals & Mining
KPT,Kangaroo Island Plantation Timbers Ltd ,Trading,Materials,Materials,Paper & Forest Products
KRC,King River Copper Limited,Trading,Materials,Materials,Metals & Mining
KRL,Kangaroo Resources Limited,Trading,Materials,Materials,Metals & Mining
KRL1,Kintore Resources Limited,Withdrawn Float,Materials,Materials,Metals & Mining
KRM,Kingsrose Mining Limited,Trading,Materials,Materials,Metals & Mining
KSN,Kingston Resources Limited,Trading,Materials,Materials,Metals & Mining
KTA,Krakatoa Resources Limited,Trading,Materials,Materials,Metals & Mining
KZL,Kagara Limited,Delisted,Materials,Materials,Metals & Mining
LCD,Latitude Consolidated Limited,Trading,Materials,Materials,Metals & Mining
LCG,Living Cities Development Group Limited,Suspended,Materials,Materials,Metals & Mining
LCK,Leigh Creek Energy Limited,Trading,Materials,Materials,Metals & Mining
LCR,Laconia Resources Limited,Trading,Materials,Materials,Metals & Mining
LCY,Legacy Iron Ore Limited,Trading,Materials,Materials,Metals & Mining
LDE,Leedee Holdings Limited,Withdrawn Float,Materials,Materials,Chemicals
LEG,Legend Mining Limited,Trading,Materials,Materials,Metals & Mining
LER,Leaf Resources Ltd,Trading,Materials,Materials,Chemicals
LGL,Lihir Gold Limited,Delisted,Materials,Materials,Metals & Mining
LGM,Luiri Gold Limited,Suspended,Materials,Materials,Metals & Mining
LIM,Lionore Mining International Limited,Delisted,Materials,Materials,Metals & Mining
LIN,Lindian Resources Limited,Trading,Materials,Materials,Metals & Mining
LIT,Lithium Australia NL,Trading,Materials,Materials,Metals & Mining
LKE,Lake Resources NL,Trading,Materials,Materials,Metals & Mining
LLO,Lion One Metals Limited,Trading,Materials,Materials,Metals & Mining
LMG,Latrobe Magnesium Limited,Trading,Materials,Materials,Metals & Mining
LML,Lincoln Minerals Limited,Trading,Materials,Materials,Metals & Mining
LNY,Laneway Resources Ltd,Trading,Materials,Materials,Metals & Mining
LOM,Lucapa Diamond Company Limited,Trading,Materials,Materials,Metals & Mining
LON,Lionore Australia (Nickel) Limited,Delisted,Materials,Materials,Metals & Mining
LPI,Lithium Power International Limited,Trading,Materials,Materials,Metals & Mining
LRC,Laguna Resources NL,Delisted,Materials,Materials,Metals & Mining
LRL,Leyshon Resources Limited,Suspended,Materials,Materials,Metals & Mining
LRS,Latin Resources Limited,Trading,Materials,Materials,Metals & Mining
LSA,Lachlan Star Limited,Suspended,Materials,Materials,Metals & Mining
LSG,Lion Selection Group Limited,Delisted,Materials,Materials,Metals & Mining
LSN,Lawson Gold Limited,Trading,Materials,Materials,Metals & Mining
LSR,Lodestar Minerals Limited,Trading,Materials,Materials,Metals & Mining
LST,Lion Selection Limited,Delisted,Materials,Materials,Metals & Mining
LTR,Liontown Resources Limited,Trading,Materials,Materials,Metals & Mining
LTX,Lithex Resources Limited,Suspended,Materials,Materials,Metals & Mining
LUK,Lucknow Gold Limited,Withdrawn Float,Materials,Materials,Metals & Mining
LVG,Laverton Gold NL,Delisted,Materials,Materials,Metals & Mining
LVR,Leviathan Resources Limited,Delisted,Materials,Materials,Metals & Mining
LYC,Lynas Corporation Limited,Trading,Materials,Materials,Metals & Mining
MAN,Magna Mining NL,Delisted,Materials,Materials,Metals & Mining
MAR,Malachite Resources Limited,Trading,Materials,Materials,Metals & Mining
MAS,Mesa Minerals Limited,Suspended,Materials,Materials,Metals & Mining
MAT,Matsa Resources Limited,Trading,Materials,Materials,Metals & Mining
MAU,Magnetic Resources NL,Trading,Materials,Materials,Metals & Mining
MAV,Mavuzi Resources Limited,Delisted,Materials,Materials,Metals & Mining
MBK,Metal Bank Limited,Trading,Materials,Materials,Metals & Mining
MBK1,Morgan & Banks Limited ,Delisted,Materials,Materials,Metals & Mining
MBN,Mirabela Nickel Limited,Suspended,Materials,Materials,Metals & Mining
MCC,Macarthur Coal Limited,Delisted,Materials,Materials,Metals & Mining
MCO,Morning Star Gold NL,Delisted,Materials,Materials,Metals & Mining
MCR,Mincor Resources NL,Trading,Materials,Materials,Metals & Mining
MCT,Metalicity Limited,Trading,Materials,Materials,Metals & Mining
MDD,Mandalong Resources Limtied,Suspended,Materials,Materials,Metals & Mining
MDI,Middle Island Resources Limited,Trading,Materials,Materials,Metals & Mining
MDI1,Moonstone Diamond Corporation Nl ,Delisted,Materials,Materials,Metals & Mining
MDL,Mineral Deposits Limited,Trading,Materials,Materials,Metals & Mining
MDO,Mindoro Resources Limited,Delisted,Materials,Materials,Metals & Mining
MDX,Mindax Limited,Trading,Materials,Materials,Metals & Mining
MED,Merlin Diamonds Limited,Trading,Materials,Materials,Metals & Mining
MEI,Meteoric Resources NL,Trading,Materials,Materials,Metals & Mining
MEP,Minotaur Exploration Limited,Trading,Materials,Materials,Metals & Mining
MGE1,Magnetic Minerals Limited,Delisted,Materials,Materials,Metals & Mining
MGH,Melrose Gold Mines Limited,Withdrawn Float,Materials,Materials,Metals & Mining
MGL,Magontec Limited,Trading,Materials,Materials,Metals & Mining
MGO,Marengo Mining Limited,Delisted,Materials,Materials,Metals & Mining
MGS,MGT Resources Limited,Trading,Materials,Materials,Metals & Mining
MGT,Magnetite Mines Limited,Trading,Materials,Materials,Metals & Mining
MGU,Magnum Mining and Exploration Limited,Trading,Materials,Materials,Metals & Mining
MGV,Musgrave Minerals Limited,Trading,Materials,Materials,Metals & Mining
MGX,Mount Gibson Iron Limited,Trading,Materials,Materials,Metals & Mining
MHM,MHM Metals Limited,Suspended,Materials,Materials,Metals & Mining
MIC,Michelago Limited,Delisted,Materials,Materials,Metals & Mining
MII,Meridian Minerals Limited,Delisted,Materials,Materials,Metals & Mining
MIM,M.I.M. Holdings Limited,Delisted,Materials,Materials,Metals & Mining
MIS,Midwest Corporation Limited,Delisted,Materials,Materials,Metals & Mining
MIZ,Minera Gold Limited,Suspended,Materials,Materials,Metals & Mining
MKO,Metaliko Resources Limited,Trading,Materials,Materials,Metals & Mining
MLC1,Mallee Gold Corporation Ltd,Withdrawn Float,Materials,Materials,Metals & Mining
MLI,Mintails Limited,Suspended,Materials,Materials,Metals & Mining
MLM,Metallica Minerals Limited,Trading,Materials,Materials,Metals & Mining
MLS,Metals Australia Ltd,Trading,Materials,Materials,Metals & Mining
MLX,Metals X Limited,Trading,Materials,Materials,Metals & Mining
MMC,Marengo Mining Limited,Delisted,Materials,Materials,Metals & Mining
MMG,MMG Limited,Trading,Materials,Materials,Metals & Mining
MML,Medusa Mining Ltd,Trading,Materials,Materials,Metals & Mining
MMW,Magma Metals Limited,Delisted,Materials,Materials,Metals & Mining
MMX,Murchison Metals Ltd,Delisted,Materials,Materials,Metals & Mining
MNB,Minbos Resources Limited,Trading,Materials,Materials,Metals & Mining
MNC,Metminco Limited,Trading,Materials,Materials,Metals & Mining
MNE,Metallum Limited,Suspended,Materials,Materials,Metals & Mining
MNM,Mantle Mining Corporation Limited,Trading,Materials,Materials,Metals & Mining
MNQ,Minquest Limited,Suspended,Materials,Materials,Metals & Mining
MNR,Minotaur Resources Ltd,Delisted,Materials,Materials,Metals & Mining
MNS,Magnis Resources Limited,Trading,Materials,Materials,Metals & Mining
MNS2,Milnes Holdings Limited,Delisted,Materials,Materials,Construction Materials
MOD,MOD Resources Limited,Trading,Materials,Materials,Metals & Mining
MOE,Moto Goldmines Limited,Delisted,Materials,Materials,Metals & Mining
MOL,Moly Mines Limited,Suspended,Materials,Materials,Metals & Mining
MOX,Monax Mining Limited,Trading,Materials,Materials,Metals & Mining
MOY,Millennium Minerals Limited,Trading,Materials,Materials,Metals & Mining
MPM,MPI Mines Limited,Delisted,Materials,Materials,Metals & Mining
MRC,Mineral Commodities Limited,Trading,Materials,Materials,Metals & Mining
MRD,Mount Ridley Mines Limited,Trading,Materials,Materials,Metals & Mining
MRE,Minara Resources Limited,Delisted,Materials,Materials,Metals & Mining
MRP,Macphersons Resources Limited,Trading,Materials,Materials,Metals & Mining
MRQ,MRG Metals Limited,Trading,Materials,Materials,Metals & Mining
MRR,MinRex Resources Limited,Trading,Materials,Materials,Metals & Mining
MRU,Mantra Resources Limited,Delisted,Materials,Materials,Metals & Mining
MSR,Manas Resources Limited,Trading,Materials,Materials,Metals & Mining
MSS,Messina Resources Limited,Upcoming float,Materials,Materials,Metals & Mining
MTA,Metals of Africa Limited,Trading,Materials,Materials,Metals & Mining
MTB,Mount Burgess Mining NL,Trading,Materials,Materials,Metals & Mining
MTH,Mithril Resources Limited,Trading,Materials,Materials,Metals & Mining
MTX,Metals Exploration Limited,Delisted,Materials,Materials,Metals & Mining
MUB,Mongolian Resource Corporation Ltd,Delisted,Materials,Materials,Metals & Mining
MUM,Mount Magnet South Limited,Suspended,Materials,Materials,Metals & Mining
MUS,Mustang Resources Limited,Trading,Materials,Materials,Metals & Mining
MWE,Mawson West Limited,Delisted,Materials,Materials,Metals & Mining
MXD,Matrix Gold Limited,Withdrawn Float,Materials,Materials,Metals & Mining
MXR,Maximus Resources Limited,Trading,Materials,Materials,Metals & Mining
MYG,Mutiny Gold Limited,Delisted,Materials,Materials,Metals & Mining
MZI,MZI Resources Limited,Trading,Materials,Materials,Metals & Mining
MZM,Montezuma Mining Company Limited,Trading,Materials,Materials,Metals & Mining
MZN,Marindi Metals Limited,Trading,Materials,Materials,Metals & Mining
NAG,Nagambie Resources Limited,Trading,Materials,Materials,Metals & Mining
NAV,Navigator Resources Ltd,Trading,Materials,Materials,Metals & Mining
NCI,National Can Industries Limited,Delisted,Materials,Materials,Containers & Packaging
NCM,Newcrest Mining Limited,Trading,Materials,Materials,Metals & Mining
NCO,Namibian Copper NL,Suspended,Materials,Materials,Metals & Mining
NCR,Nucoal Resources Limited,Trading,Materials,Materials,Metals & Mining
NDY,Normandy Mining Limited,Delisted,Materials,Materials,Metals & Mining
NEM,Newmont Mining Corporation,Delisted,Materials,Materials,Metals & Mining
NFE,Northern Iron Limited,Suspended,Materials,Materials,Metals & Mining
NFM,Normandy NFM Limited,Delisted,Materials,Materials,Metals & Mining
NFR,Nonferral Recyclers Limited,Delisted,Materials,Materials,Metals & Mining
NGF,Norton Gold Fields Limited,Delisted,Materials,Materials,Metals & Mining
NGM,NGM Resources Limited,Delisted,Materials,Materials,Metals & Mining
NGO,New Global Mining Ltd,Withdrawn Float,Materials,Materials,Metals & Mining
NGX,Norseman Gold PLC,Delisted,Materials,Materials,Metals & Mining
NIC,Nicu Metals Limited,Delisted,Materials,Materials,Metals & Mining
NIO,Nickelore Limited,Suspended,Materials,Materials,Metals & Mining
NIU,Niuminco Group Limited,Trading,Materials,Materials,Metals & Mining
NKP,Nkwe Platinum Limited,Trading,Materials,Materials,Metals & Mining
NME,Nex Metals Exploration Limited,Trading,Materials,Materials,Metals & Mining
NMG,Noble Mineral Resources Limited,Trading,Materials,Materials,Metals & Mining
NMI,Northern Mining Limited,Trading,Materials,Materials,Metals & Mining
NML,Navarre Minerals Limited,Trading,Materials,Materials,Metals & Mining
NMM,Noble Metals Limited,Trading,Materials,Materials,Metals & Mining
NMT,Neometals Limited,Trading,Materials,Materials,Metals & Mining
NNG,Northern Gold NL,Delisted,Materials,Materials,Metals & Mining
NOE,Novarise Renewable Resources International Limited,Suspended,Materials,Materials,Chemicals
NPX,Nuplex Industries Limited,Trading,Materials,Materials,Chemicals
NQM,North Queensland Metals Limited,Delisted,Materials,Materials,Metals & Mining
NSL,NSL Consolidated Limited,Trading,Materials,Materials,Metals & Mining
NSN,Natasa Mining Ltd,Delisted,Materials,Materials,Metals & Mining
NST,Northern Star Resources Ltd,Trading,Materials,Materials,Metals & Mining
NTL,New Talisman Gold Mines Limited,Trading,Materials,Materials,Metals & Mining
NTM,Northern Manganese Limited,Trading,Materials,Materials,Metals & Mining
NTU,Northern Minerals Limited,Trading,Materials,Materials,Metals & Mining
NUF,Nufarm Limited,Trading,Materials,Materials,Chemicals
NVI,Nevada Iron Ltd,Suspended,Materials,Materials,Metals & Mining
NWF,Newfield Resources Limited,Trading,Materials,Materials,Metals & Mining
NWR,Northwest Resources Limited,Delisted,Materials,Materials,Metals & Mining
NXM,Nexus Minerals Limited,Trading,Materials,Materials,Metals & Mining
NXR,Nemex Resources Limited,Suspended,Materials,Materials,Metals & Mining
NYO,Nyota Minerals Limited,Trading,Materials,Materials,Metals & Mining
NYY,Newmont Yandal Operations Limited,Delisted,Materials,Materials,Metals & Mining
OAR,Oakdale Resources Limited,Trading,Materials,Materials,Metals & Mining
OBS,Orbis Gold Limited,Delisted,Materials,Materials,Metals & Mining
OGC,OceanaGold Corporation,Trading,Materials,Materials,Metals & Mining
OGH,Ochre Group Holdings Limited,Suspended,Materials,Materials,Metals & Mining
OGX,Orinoco Gold Limited,Trading,Materials,Materials,Metals & Mining
OHZ,Opal Horizon Limited,Withdrawn Float,Materials,Materials,Metals & Mining
OMC,OmegaCorp Limited,Delisted,Materials,Materials,Chemicals
OMH,OM Holdings Limited,Trading,Materials,Materials,Metals & Mining
ORA,Orora Limited,Trading,Materials,Materials,Containers & Packaging
ORE,Orocobre Limited,Trading,Materials,Materials,Metals & Mining
ORI,Orica Limited,Trading,Materials,Materials,Chemicals
ORM,Orion Metals Limited,Trading,Materials,Materials,Metals & Mining
ORN,Orion Gold NL,Trading,Materials,Materials,Metals & Mining
ORR,Orecorp Limited,Trading,Materials,Materials,Metals & Mining
ORS,Octagonal Resources Limited,Delisted,Materials,Materials,Metals & Mining
OTR1,Otter Gold Mines Limited,Delisted,Materials,Materials,Metals & Mining
OUM,Outback Metals Limited,Delisted,Materials,Materials,Metals & Mining
OVL,Oro Verde Limited,Trading,Materials,Materials,Metals & Mining
OVR,Overland Resources Limited,Trading,Materials,Materials,Metals & Mining
OZL,OZ Minerals Limited,Trading,Materials,Materials,Metals & Mining
PAK,Pacific American Coal Limited,Trading,Materials,Materials,Metals & Mining
PAN,Panoramic Resources Limited,Trading,Materials,Materials,Metals & Mining
PAS,Pasminco Limited,Delisted,Materials,Materials,Metals & Mining
PCP,Paramount Mining Corporation Limited,Suspended,Materials,Materials,Metals & Mining
PDG,Placer Dome Inc.,Delisted,Materials,Materials,Metals & Mining
PDI,Predictive Discovery Ltd,Trading,Materials,Materials,Metals & Mining
PDL,Petra Diamonds Limited,Delisted,Materials,Materials,Metals & Mining
PDY,Padbury Mining Limited,Suspended,Materials,Materials,Metals & Mining
PDZ,Prairie Mining Limited,Trading,Materials,Materials,Metals & Mining
PEK,Peak Resources Limited,Trading,Materials,Materials,Metals & Mining
PEL,Pelican Resources Limited,Trading,Materials,Materials,Metals & Mining
PEM,Perilya Limited,Delisted,Materials,Materials,Metals & Mining
PEX,Peel Mining Limited,Trading,Materials,Materials,Metals & Mining
PGH,Pact Group Holdings Ltd,Trading,Materials,Materials,Containers & Packaging
PGI,Panterra Gold Limited,Trading,Materials,Materials,Metals & Mining
PGM,Platina Resources Limited,Trading,Materials,Materials,Metals & Mining
PGO,Primary Gold Limited,Trading,Materials,Materials,Metals & Mining
PIO,Pioneer Resources Limited,Trading,Materials,Materials,Metals & Mining
PIR,Papillon Resources Limited,Delisted,Materials,Materials,Metals & Mining
PLA,Platinum Australia Limited,Delisted,Materials,Materials,Metals & Mining
PLH,Plymouth Minerals Limited,Trading,Materials,Materials,Metals & Mining
PLP,Platypus Minerals Ltd,Trading,Materials,Materials,Metals & Mining
PLR,Pearl River Tyre (Holdings) Limited,Delisted,Materials,Materials,Construction Materials
PLS,Pilbara Minerals Limited,Trading,Materials,Materials,Metals & Mining
PLV,Pluton Resources Limited,Suspended,Materials,Materials,Metals & Mining
PLY,Polymetals Mining Limited,Delisted,Materials,Materials,Metals & Mining
PMH,PacMag Metals Limited,Delisted,Materials,Materials,Metals & Mining
PML,Parmelia Resources Limited,Suspended,Materials,Materials,Metals & Mining
PMM,Portman Limited,Delisted,Materials,Materials,Metals & Mining
PMY,Pacifico Minerals Limited,Trading,Materials,Materials,Metals & Mining
PNA,PanAust Limited,Delisted,Materials,Materials,Metals & Mining
PNE,Paynes Find Gold Limited,Suspended,Materials,Materials,Metals & Mining
PNN,PepinNini Minerals Limited,Trading,Materials,Materials,Metals & Mining
PNR,Pantoro Limited,Trading,Materials,Materials,Metals & Mining
PNX,PNX Metals Limited,Trading,Materials,Materials,Metals & Mining
POL,Polaris Metals NL,Delisted,Materials,Materials,Metals & Mining
POS,Poseidon Nickel Limited,Trading,Materials,Materials,Metals & Mining
POZ,Phosphate Australia Limited,Trading,Materials,Materials,Metals & Mining
PPG,PRO-PAC Packaging Limited,Trading,Materials,Materials,Containers & Packaging
PPM,Primero Mining Corp.,Delisted,Materials,Materials,Metals & Mining
PPY,Papyrus Australia Limited,Trading,Materials,Materials,Paper & Forest Products
PRH,Phillips River Mining Limited,Delisted,Materials,Materials,Metals & Mining
PRM,Plentex Limited,Delisted,Materials,Materials,Metals & Mining
PRN,Pelsart Resources NL,Delisted,Materials,Materials,Metals & Mining
PRU,Perseus Mining Limited,Trading,Materials,Materials,Metals & Mining
PRW,Proto Resources & Investments Ltd,Suspended,Materials,Materials,Metals & Mining
PSC,Prospect Resources Limited,Trading,Materials,Materials,Metals & Mining
PSH,Penrice Soda Holdings Limited,Delisted,Materials,Materials,Chemicals
PSP,Prosperity Resources Limited,Suspended,Materials,Materials,Metals & Mining
PSV,Perseverance Corporation Limited,Delisted,Materials,Materials,Metals & Mining
PUN,Pegasus Metals Limited,Trading,Materials,Materials,Metals & Mining
PVM,PMI Gold Corporation,Delisted,Materials,Materials,Metals & Mining
PWN,Potash West NL,Trading,Materials,Materials,Chemicals
PWW,Power Resources Limited,Suspended,Materials,Materials,Metals & Mining
PXG,Phoenix Gold Limited,Delisted,Materials,Materials,Metals & Mining
QBL,Queensland Bauxite Limited,Trading,Materials,Materials,Metals & Mining
QCU,Q Copper Limited,Withdrawn Float,Materials,Materials,Metals & Mining
QMG,Quay Magnesium Limited,Delisted,Materials,Materials,Metals & Mining
QMN,Queensland Mining Corporation Limited,Trading,Materials,Materials,Metals & Mining
QNL,Quest Minerals Limited,Suspended,Materials,Materials,Metals & Mining
QUR,Quantum Resources Limited,Trading,Materials,Materials,Metals & Mining
RAN,Range International Limited,Trading,Materials,Materials,Chemicals
RBK,Red Back Mining NL,Delisted,Materials,Materials,Metals & Mining
RBR,RBR Group Limited,Trading,Materials,Materials,Metals & Mining
RBX,Resource Base Limited,Trading,Materials,Materials,Metals & Mining
RCF,Redcliffe Resources Limited,Delisted,Materials,Materials,Metals & Mining
RCO,Royalco Resources Limited,Trading,Materials,Materials,Metals & Mining
RCP,Redbank Copper Limited,Trading,Materials,Materials,Metals & Mining
RDM,Red Metal Limited,Trading,Materials,Materials,Metals & Mining
RDS,Redstone Resources Limited,Trading,Materials,Materials,Metals & Mining
RED,Red 5 Limited,Trading,Materials,Materials,Metals & Mining
REM,Reliance Mining Limited,Delisted,Materials,Materials,Metals & Mining
RER,Regal Resources Limited,Trading,Materials,Materials,Metals & Mining
RFV,Rift Valley Resources Limited,Delisted,Materials,Materials,Metals & Mining
RGS1,Ranger Minerals Limited,Delisted,Materials,Materials,Metals & Mining
RHI,Red Hill Iron Limited,Trading,Materials,Materials,Metals & Mining
RIE,Riedel Resources Limited,Trading,Materials,Materials,Metals & Mining
RIG,Rongtai International Group Holdings Limited,Suspended,Materials,Materials,Metals & Mining
RIM,Rimfire Pacific Mining NL,Trading,Materials,Materials,Metals & Mining
RIN,Rinker Group Limited,Delisted,Materials,Materials,Construction Materials
RIO,Rio Tinto Limited,Trading,Materials,Materials,Metals & Mining
RLC,Reedy Lagoon Corporation Limited,Trading,Materials,Materials,Metals & Mining
RMG,RMG Limited,Trading,Materials,Materials,Metals & Mining
RMI,Resource Mining Corporation Limited,Trading,Materials,Materials,Metals & Mining
RML,Rusina Mining NL,Delisted,Materials,Materials,Metals & Mining
RMR,Ram Resources Limited,Trading,Materials,Materials,Metals & Mining
RMS,Ramelius Resources Limited,Trading,Materials,Materials,Metals & Mining
RMT,RMA Energy Limited,Trading,Materials,Materials,Metals & Mining
RMX,Red Mountain Mining Limited,Trading,Materials,Materials,Metals & Mining
RND,Rand Mining Limited,Trading,Materials,Materials,Metals & Mining
RNI,RNI NL,Trading,Materials,Materials,Metals & Mining
RNS,Renaissance Minerals Limited,Trading,Materials,Materials,Metals & Mining
ROL,Robust Resources Limited,Delisted,Materials,Materials,Metals & Mining
RPT,Redport Limited,Delisted,Materials,Materials,Metals & Mining
RRL,Regis Resources Limited,Trading,Materials,Materials,Metals & Mining
RRP,Realm Resources Limited,Trading,Materials,Materials,Metals & Mining
RSG,Resolute Mining Limited,Trading,Materials,Materials,Metals & Mining
RTA,Rutila Resources Limited,Delisted,Materials,Materials,Metals & Mining
RTG,RTG Mining Inc.,Trading,Materials,Materials,Metals & Mining
RTR,Rumble Resources Limited,Trading,Materials,Materials,Metals & Mining
RUM,Rum Jungle Resources Ltd,Trading,Materials,Materials,Metals & Mining
RVR,Red River Resources Limited,Trading,Materials,Materials,Metals & Mining
RVY,Rift Valley Resources Limited,Trading,Materials,Materials,Metals & Mining
RWD,Reward Minerals Ltd,Trading,Materials,Materials,Chemicals
RXL,Rox Resources Limited,Trading,Materials,Materials,Metals & Mining
RXM,Rex Minerals Limited,Trading,Materials,Materials,Metals & Mining
S2R,S2 Resources Limited,Trading,Materials,Materials,Metals & Mining
S32,South32 Limited,Trading,Materials,Materials,Metals & Mining
SAR,Saracen Mineral Holdings Limited,Trading,Materials,Materials,Metals & Mining
SAU,Southern Gold Limited,Trading,Materials,Materials,Metals & Mining
SAY,South America Iron & Steel Corporation Limited,Trading,Materials,Materials,Metals & Mining
SBL,Signature Metals Limited,Delisted,Materials,Materials,Metals & Mining
SBM,St Barbara Limited,Trading,Materials,Materials,Metals & Mining
SBR,Sabre Resources Limited,Trading,Materials,Materials,Metals & Mining
SBS,Sub-Sahara Resources NL,Delisted,Materials,Materials,Metals & Mining
SBU,Siburan Resources Limited,Trading,Materials,Materials,Metals & Mining
SBY,Salisbury Resources Limited,Withdrawn Float,Materials,Materials,Metals & Mining
SCI,Silver City Minerals Limited,Trading,Materials,Materials,Metals & Mining
SCR,Scandinavian Resources Limited,Delisted,Materials,Materials,Metals & Mining
SDL,Sundance Resources Limited,Trading,Materials,Materials,Metals & Mining
SED,Sedimentary Holdings Limited,Delisted,Materials,Materials,Metals & Mining
SEG,Segue Resources Limited,Trading,Materials,Materials,Metals & Mining
SER,Strategic Energy Resources Limited,Trading,Materials,Materials,Metals & Mining
SES,SECOS Group Ltd,Trading,Materials,Materials,Chemicals
SFR,Sandfire Resources NL,Trading,Materials,Materials,Metals & Mining
SFX,Sheffield Resources Limited,Trading,Materials,Materials,Metals & Mining
SFX1,Storm Financial Limited,Withdrawn Float,Materials,Materials,Metals & Mining
SGK,Signature Gold Limited,Withdrawn Float,Materials,Materials,Metals & Mining
SGM,Sims Metal Management Limited,Trading,Materials,Materials,Metals & Mining
SGQ,St George Mining Limited,Trading,Materials,Materials,Metals & Mining
SGW,Sons of Gwalia Limited,Delisted,Materials,Materials,Metals & Mining
SGX,Sino Gold Mining Limited,Delisted,Materials,Materials,Metals & Mining
SGZ,Scotgold Resources Limited,Trading,Materials,Materials,Metals & Mining
SHA,Shannon Resources Limited,Delisted,Materials,Materials,Metals & Mining
SHD,Sherwin Iron Limited,Delisted,Materials,Materials,Metals & Mining
SHH,Shree Minerals Limited,Trading,Materials,Materials,Metals & Mining
SHK,Stone Resources Australia Limited,Trading,Materials,Materials,Metals & Mining
SHX,Shield Mining Limited,Delisted,Materials,Materials,Metals & Mining
SIB,Siberia Mining Corporation Limited,Delisted,Materials,Materials,Metals & Mining
SIH,Sihayo Gold Limited,Trading,Materials,Materials,Metals & Mining
SIR,Sirius Resources NL,Delisted,Materials,Materials,Metals & Mining
SIR2,Straits Asia Resources Limited,Withdrawn Float,Materials,Materials,Metals & Mining
SLN,Selwyn Mines Limited,Delisted,Materials,Materials,Metals & Mining
SLP,Sylvania Platinum Limited,Delisted,Materials,Materials,Metals & Mining
SLP1,Stanilite Pacific Limited ,Delisted,Materials,Materials,Metals & Mining
SLR,Silver Lake Resources Limited,Trading,Materials,Materials,Metals & Mining
SLV,Sylvania Resources Limited,Delisted,Materials,Materials,Metals & Mining
SMC,Strategic Minerals Corporation NL,Trading,Materials,Materials,Metals & Mining
SMD,Syndicated Metals Limited,Trading,Materials,Materials,Metals & Mining
SMG,Soon Mining Limited,Trading,Materials,Materials,Metals & Mining
SMI,Santana Minerals Limited,Trading,Materials,Materials,Metals & Mining
SNV,Sinovus Mining Limited,Suspended,Materials,Materials,Metals & Mining
SOC,Sovereign Gold Company Limited,Trading,Materials,Materials,Metals & Mining
SOP,SML Corporation Limited,Trading,Materials,Materials,Metals & Mining
SPH,Sphere Minerals Limited,Delisted,Materials,Materials,Metals & Mining
SPI,Spitfire Materials Ltd,Trading,Materials,Materials,Metals & Mining
SPQ,Superior Resources Limited,Trading,Materials,Materials,Metals & Mining
SPX1,Spinifex Gold Limited,Delisted,Materials,Materials,Metals & Mining
SRB,Scarborough Minerals Plc,Delisted,Materials,Materials,Metals & Mining
SRE,Stirling Resources Limited,Delisted,Materials,Materials,Metals & Mining
SRI,Sipa Resources Limited,Trading,Materials,Materials,Metals & Mining
SRK,Strike Resources Limited,Trading,Materials,Materials,Metals & Mining
SRM,Sierra Mining,Delisted,Materials,Materials,Metals & Mining
SRR,Shaw River Manganese Limited,Suspended,Materials,Materials,Metals & Mining
SRZ,Stellar Resources Limited,Trading,Materials,Materials,Metals & Mining
SSE,Scientific Services Limited,Delisted,Materials,Materials,Metals & Mining
SSX,Smorgon Steel Group Limited,Delisted,Materials,Materials,Metals & Mining
STA,Strandline Resources Limited,Trading,Materials,Materials,Metals & Mining
STJ,Strata Minerals Limited,Withdrawn Float,Materials,Materials,Metals & Mining
SUH,Southern Hemisphere Mining Limited,Trading,Materials,Materials,Metals & Mining
SUM,Sumatra Copper & Gold PLC,Trading,Materials,Materials,Metals & Mining
SVL,Silver Mines Limited,Trading,Materials,Materials,Metals & Mining
SVM,Sovereign Metals Limited,Trading,Materials,Materials,Metals & Mining
SVY,Stavely Minerals Limited ,Trading,Materials,Materials,Metals & Mining
SWJ,Stonewall Resources Limited,Trading,Materials,Materials,Metals & Mining
SXI,South East Asia Resources Limited,Suspended,Materials,Materials,Metals & Mining
SXM,SA Metals Limited,Delisted,Materials,Materials,Metals & Mining
SXX,Southern Cross Exploration N.L.,Trading,Materials,Materials,Metals & Mining
SYA,Sayona Mining Limited,Trading,Materials,Materials,Metals & Mining
SYR,Syrah Resources Limited,Trading,Materials,Materials,Metals & Mining
SYT,Syntonic Limited,Trading,Materials,Materials,Metals & Mining
TAM,Tanami Gold NL,Trading,Materials,Materials,Metals & Mining
TAR,Taruga Gold Limited,Trading,Materials,Materials,Metals & Mining
TAS,Tasman Resources Limited,Trading,Materials,Materials,Metals & Mining
TAW,Tawana Resources NL,Trading,Materials,Materials,Metals & Mining
TBR,Tribune Resources Limited,Trading,Materials,Materials,Metals & Mining
TEA,Terra Gold Mining Limited,Delisted,Materials,Materials,Metals & Mining
TFC,TFS Corporation Limited,Trading,Materials,Materials,Paper & Forest Products
TGN,Tungsten Mining NL,Trading,Materials,Materials,Metals & Mining
TGS,Tiger Resources Limited,Trading,Materials,Materials,Metals & Mining
TGZ,Teranga Gold Corporation,Trading,Materials,Materials,Metals & Mining
THR,Thor Mining Plc,Trading,Materials,Materials,Metals & Mining
THX,Thundelarra Limited,Trading,Materials,Materials,Metals & Mining
TIG,Tigers Realm Coal Limited,Trading,Materials,Materials,Metals & Mining
TIM,Timbercorp Limited,Delisted,Materials,Materials,Paper & Forest Products
TIR,Titan Resources Limited,Delisted,Materials,Materials,Metals & Mining
TKA,Tusker Gold Limited,Delisted,Materials,Materials,Metals & Mining
TKG,Takoradi Limited,Suspended,Materials,Materials,Metals & Mining
TKL,Traka Resources Limited,Trading,Materials,Materials,Metals & Mining
TKR,Triako Resources Limited,Delisted,Materials,Materials,Metals & Mining
TLG,Talga Resources Ltd,Trading,Materials,Materials,Metals & Mining
TLH,Talison Lithium Limited,Delisted,Materials,Materials,Metals & Mining
TLM,Talisman Mining Limited,Trading,Materials,Materials,Metals & Mining
TMA,TMA Group of Companies Limited,Delisted,Materials,Materials,Containers & Packaging
TMM,Tasmania Mines Limited,Trading,Materials,Materials,Metals & Mining
TMR,Tamaya Resources Limited,Delisted,Materials,Materials,Metals & Mining
TMX,Terrain Minerals Limited,Trading,Materials,Materials,Metals & Mining
TMZ,Thomson Resources Limited,Trading,Materials,Materials,Metals & Mining
TND,Top End Minerals Limited,Trading,Materials,Materials,Metals & Mining
TNG,TNG Limited,Trading,Materials,Materials,Metals & Mining
TNN,Tenon Limited,Delisted,Materials,Materials,Paper & Forest Products
TNR,Torian Resources Limited,Trading,Materials,Materials,Metals & Mining
TON,Triton Minerals Ltd,Suspended,Materials,Materials,Metals & Mining
TOR,Ticor Limited,Delisted,Materials,Materials,Metals & Mining
TPO,Tian Poh Resources Limited,Trading,Materials,Materials,Metals & Mining
TPO1,Tropicana Gold Limited,Withdrawn Float,Materials,Materials,Metals & Mining
TPR,Timpetra Resources Limited,Suspended,Materials,Materials,Metals & Mining
TRF,Trafford Resources Limited,Delisted,Materials,Materials,Metals & Mining
TRL,Tanga Resources Limited,Trading,Materials,Materials,Metals & Mining
TRM,Truscott Mining Corporation Limited,Trading,Materials,Materials,Metals & Mining
TRO,Triausmin Limited,Delisted,Materials,Materials,Metals & Mining
TRY,Troy Resources Limited,Trading,Materials,Materials,Metals & Mining
TTT,Tritton Resources Limited,Delisted,Materials,Materials,Metals & Mining
TTW,Toptung Ltd,Trading,Materials,Materials,Metals & Mining
TTY,Territory Resources Limited,Delisted,Materials,Materials,Metals & Mining
TYC,Tethyan Copper Company Limited,Delisted,Materials,Materials,Metals & Mining
TYK,Tychean Resources Ltd,Trading,Materials,Materials,Metals & Mining
TYX,Tyranna Resources Limited,Trading,Materials,Materials,Metals & Mining
TZN,Terramin Australia Limited,Trading,Materials,Materials,Metals & Mining
UCL,UCL Resources Limited,Delisted,Materials,Materials,Metals & Mining
UKL,Uranium King Limited,Delisted,Materials,Materials,Metals & Mining
UMC,United Minerals Corporation NL,Delisted,Materials,Materials,Metals & Mining
UML,Unity Mining Limited,Delisted,Materials,Materials,Metals & Mining
VAN,Vango Mining Limited,Trading,Materials,Materials,Metals & Mining
VAR,Variscan Mines Limited,Trading,Materials,Materials,Metals & Mining
VCN,Vulcan Resources Limited,Delisted,Materials,Materials,Metals & Mining
VEC,Vector Resources Limited,Trading,Materials,Materials,Metals & Mining
VGO,Vantage Goldfields Limited,Delisted,Materials,Materials,Metals & Mining
VIC,Victory Mines Limited,Trading,Materials,Materials,Metals & Mining
VII,Vietnam Industrial Investments Limited,Trading,Materials,Materials,Metals & Mining
VKA,Viking Mines Limited,Trading,Materials,Materials,Metals & Mining
VLT,Vault Intelligence Limited,Trading,Materials,Materials,Metals & Mining
VMC,Venus Metals Corporation Limited,Trading,Materials,Materials,Metals & Mining
VML,Vital Metals Limited,Trading,Materials,Materials,Metals & Mining
VMS,Venture Minerals Limited,Trading,Materials,Materials,Metals & Mining
VRX,Ventnor Resources Ltd,Trading,Materials,Materials,Metals & Mining
VTM,Volta Mining Limited,Trading,Materials,Materials,Metals & Mining
VXL,Valence Industries Limited,Suspended,Materials,Materials,Metals & Mining
VXR,Venturex Resources Limited,Trading,Materials,Materials,Metals & Mining
WAF,West African Resources Limited,Trading,Materials,Materials,Metals & Mining
WAL,Wavenet International Limited,Trading,Materials,Materials,Metals & Mining
WBT,Weebit Nano Ltd,Trading,Materials,Materials,Metals & Mining
WCN,White Cliff Minerals Limited,Trading,Materials,Materials,Metals & Mining
WCP,WCP Resources Limited,Trading,Materials,Materials,Metals & Mining
WCU,White Canyon Uranium Limited,Delisted,Materials,Materials,Metals & Mining
WDP,Wadepack Limited,Delisted,Materials,Materials,Containers & Packaging
WDR,Western Desert Resources Limited,Delisted,Materials,Materials,Metals & Mining
WFE,Winmar Resources Limited,Trading,Materials,Materials,Metals & Mining
WFL,Willmott Forests Limited,Delisted,Materials,Materials,Paper & Forest Products
WGO,Waratah Resources Limited,Suspended,Materials,Materials,Metals & Mining
WGR,Westgold Resources Limited,Delisted,Materials,Materials,Metals & Mining
WGW,Western Gold Resources Limited,Withdrawn Float,Materials,Materials,Metals & Mining
WIN,Windward Resources Ltd,Trading,Materials,Materials,Metals & Mining
WKT,Walkabout Resources Ltd,Trading,Materials,Materials,Metals & Mining
WLC,Wollongong Coal Limited,Trading,Materials,Materials,Metals & Mining
WLF,Wolf Minerals Limited,Trading,Materials,Materials,Metals & Mining
WMN,Western Mining Network Limited,Trading,Materials,Materials,Metals & Mining
WMR,WMC Resources Limited,Delisted,Materials,Materials,Metals & Mining
WPG,WPG Resources Ltd,Trading,Materials,Materials,Metals & Mining
WRK,Warwick Resources Limited,Delisted,Materials,Materials,Metals & Mining
WRM,White Rock Minerals Ltd,Trading,Materials,Materials,Metals & Mining
WSA,Western Areas Limited,Trading,Materials,Materials,Metals & Mining
WSI,WestStar Industrial Limited,Trading,Materials,Materials,Metals & Mining
WTR,World Titanium Resources Limited,Trading,Materials,Materials,Metals & Mining
WVL,Windimurra Vanadium Limited,Trading,Materials,Materials,Metals & Mining
WWI,West Wits Mining Limited,Trading,Materials,Materials,Metals & Mining
WYL,Wattyl Limited,Delisted,Materials,Materials,Chemicals
XAM,Xanadu Mines Limited,Trading,Materials,Materials,Metals & Mining
YOJ,Yojee Limited,Trading,Materials,Materials,Metals & Mining
ZAM,Zamanco Minerals Limited,Trading,Materials,Materials,Metals & Mining
ZDX,Zedex Minerals Limited,Delisted,Materials,Materials,Metals & Mining
ZER,Zeta Resources Limited,Trading,Materials,Materials,Metals & Mining
ZFX,Zinifex Limited,Delisted,Materials,Materials,Metals & Mining
ZGM,Zamia Metals Limited,Trading,Materials,Materials,Metals & Mining
ZIM,Zimplats Holdings Limited,Trading,Materials,Materials,Metals & Mining
ZMI,Zinc of Ireland NL,Trading,Materials,Materials,Metals & Mining
ZNC,Zenith Minerals Limited,Trading,Materials,Materials,Metals & Mining
ZRL,Zambezi Resources Limited,Trading,Materials,Materials,Metals & Mining
ZYL,ZYL Limited,Suspended,Materials,Materials,Metals & Mining
